,rank,player,age,team_id,votes_first,points_won,points_max,award_share,g,mp_per_g,pts_per_g,trb_per_g,ast_per_g,stl_per_g,blk_per_g,fg_pct,fg3_pct,ft_pct,ws,ws_per_48,year,player_url,player_img
0,1,Jerry Lucas,23,CIN,73.5,73.5,83,0.886,79,41.4,17.7,17.4,2.6,NO DATA,NO DATA,.527,NO DATA,.779,12.7,.187,1964,https://www.basketball-reference.com//players/l/lucasje01.html,https://www.basketball-reference.com/req/202106291/images/players/lucasje01.jpg
1,2,Gus Johnson,25,BAL,7.5,7.5,83,0.090,78,36.5,17.3,13.6,2.2,NO DATA,NO DATA,.430,NO DATA,.658,3.5,.060,1964,https://www.basketball-reference.com//players/j/johnsgu01.html,https://www.basketball-reference.com/req/202106291/images/players/johnsgu01.jpg
2,3,Nate Thurmond,22,SFW,2.0,2.0,83,0.024,76,25.9,7.0,10.4,1.1,NO DATA,NO DATA,.395,NO DATA,.549,3.5,.085,1964,https://www.basketball-reference.com//players/t/thurmna01.html,https://www.basketball-reference.com/req/202106291/images/players/thurmna01.jpg
3,1,Willis Reed,22,NYK,47.0,47.0,79,0.595,80,38.0,19.5,14.7,1.7,NO DATA,NO DATA,.432,NO DATA,.742,5.5,.087,1965,https://www.basketball-reference.com//players/r/reedwi01.html,https://www.basketball-reference.com/req/202106291/images/players/reedwi01.jpg
4,2,Luke Jackson,23,PHI,27.0,27.0,79,0.342,76,34.1,14.8,12.9,1.2,NO DATA,NO DATA,.414,NO DATA,.713,4.8,.088,1965,https://www.basketball-reference.com//players/j/jackslu01.html,https://www.basketball-reference.com/req/202106291/images/players/jackslu01.jpg
5,3,Jim Barnes,23,NYK,2.0,2.0,79,0.025,75,34.5,15.5,9.7,1.2,NO DATA,NO DATA,.424,NO DATA,.662,3.4,.063,1965,https://www.basketball-reference.com//players/b/barneji01.html,https://www.basketball-reference.com/req/202106291/images/players/barneji01.jpg
6,4T,Ron Bonham,22,BOS,1.0,1.0,79,0.013,37,10.0,7.4,2.1,0.5,NO DATA,NO DATA,.414,NO DATA,.821,1.8,.230,1965,https://www.basketball-reference.com//players/b/bonharo01.html,https://www.basketball-reference.com/req/202106291/images/players/bonharo01.jpg
7,4T,Joe Caldwell,23,DET,1.0,1.0,79,0.013,66,23.4,10.7,6.7,1.8,NO DATA,NO DATA,.374,NO DATA,.614,0.3,.008,1965,https://www.basketball-reference.com//players/c/caldwjo01.html,https://www.basketball-reference.com/req/202106291/images/players/caldwjo01.jpg
8,4T,Howard Komives,23,NYK,1.0,1.0,79,0.013,80,29.7,12.2,2.4,3.3,NO DATA,NO DATA,.374,NO DATA,.835,0.7,.014,1965,https://www.basketball-reference.com//players/k/komivho01.html,https://www.basketball-reference.com/req/202106291/images/players/komivho01.jpg
9,1,Rick Barry,21,SFW,84.0,84.0,86,0.977,80,37.4,25.7,10.6,2.2,NO DATA,NO DATA,.439,NO DATA,.862,10.4,.167,1966,https://www.basketball-reference.com//players/b/barryri01.html,https://www.basketball-reference.com/req/202106291/images/players/barryri01.jpg
10,2,Billy Cunningham,22,PHI,2.0,2.0,86,0.023,80,26.7,14.3,7.5,2.6,NO DATA,NO DATA,.426,NO DATA,.634,5.0,.112,1966,https://www.basketball-reference.com//players/c/cunnibi01.html,https://www.basketball-reference.com/req/202106291/images/players/cunnibi01.jpg
11,1,Dave Bing,23,DET,74.0,74.0,90,0.822,80,34.5,20.0,4.5,4.1,NO DATA,NO DATA,.436,NO DATA,.738,5.3,.092,1967,https://www.basketball-reference.com//players/b/bingda01.html,https://www.basketball-reference.com/req/202106291/images/players/bingda01.jpg
12,2,Lou Hudson,22,STL,13.0,13.0,90,0.144,80,30.6,18.4,5.4,1.2,NO DATA,NO DATA,.467,NO DATA,.706,4.9,.097,1967,https://www.basketball-reference.com//players/h/hudsolo01.html,https://www.basketball-reference.com/req/202106291/images/players/hudsolo01.jpg
13,3,Archie Clark,25,LAL,3.0,3.0,90,0.033,76,23.2,10.5,2.9,2.7,NO DATA,NO DATA,.452,NO DATA,.708,2.7,.075,1967,https://www.basketball-reference.com//players/c/clarkar01.html,https://www.basketball-reference.com/req/202106291/images/players/clarkar01.jpg
14,1,Earl Monroe,23,BAL,78.0,78.0,79,0.987,82,36.7,24.3,5.7,4.3,NO DATA,NO DATA,.453,NO DATA,.781,9.3,.148,1968,https://www.basketball-reference.com//players/m/monroea01.html,https://www.basketball-reference.com/req/202106291/images/players/monroea01.jpg
15,2,Bill Bradley,24,NYK,1.0,1.0,79,0.013,45,19.4,8.0,2.5,3.0,NO DATA,NO DATA,.416,NO DATA,.731,1.1,.058,1968,https://www.basketball-reference.com//players/b/bradlbi01.html,https://www.basketball-reference.com/req/202106291/images/players/bradlbi01.jpg
16,1,Wes Unseld,22,BAL,53.0,53.0,78,0.679,82,36.2,13.8,18.2,2.6,NO DATA,NO DATA,.476,NO DATA,.605,10.8,.175,1969,https://www.basketball-reference.com//players/u/unselwe01.html,https://www.basketball-reference.com/req/202106291/images/players/unselwe01.jpg
17,2,Elvin Hayes,23,SDR,25.0,25.0,78,0.321,82,45.1,28.4,17.1,1.4,NO DATA,NO DATA,.447,NO DATA,.626,9.6,.124,1969,https://www.basketball-reference.com//players/h/hayesel01.html,https://www.basketball-reference.com/req/202106291/images/players/hayesel01.jpg
18,1,Kareem Abdul-Jabbar,22,MIL,78.0,78.0,78,1.000,82,43.1,28.8,14.5,4.1,NO DATA,NO DATA,.518,NO DATA,.653,13.8,.187,1970,https://www.basketball-reference.com//players/a/abdulka01.html,https://www.basketball-reference.com/req/202106291/images/players/abdulka01.jpg
19,1T,Dave Cowens,22,BOS,36.0,36.0,98,0.367,81,38.0,17.0,15.0,2.8,NO DATA,NO DATA,.422,NO DATA,.732,6.4,.100,1971,https://www.basketball-reference.com//players/c/cowenda01.html,https://www.basketball-reference.com/req/202106291/images/players/cowenda01.jpg
20,1T,Geoff Petrie,22,POR,36.0,36.0,98,0.367,82,37.0,24.8,3.4,4.8,NO DATA,NO DATA,.443,NO DATA,.772,6.2,.099,1971,https://www.basketball-reference.com//players/p/petrige01.html,https://www.basketball-reference.com/req/202106291/images/players/petrige01.jpg
21,3,Pete Maravich,23,ATL,21.0,21.0,98,0.214,81,36.1,23.2,3.7,4.4,NO DATA,NO DATA,.458,NO DATA,.800,6.2,.102,1971,https://www.basketball-reference.com//players/m/maravpe01.html,https://www.basketball-reference.com/req/202106291/images/players/maravpe01.jpg
22,4,Calvin Murphy,22,SDR,4.0,4.0,98,0.041,82,24.6,15.8,3.0,4.0,NO DATA,NO DATA,.458,NO DATA,.820,8.0,.191,1971,https://www.basketball-reference.com//players/m/murphca01.html,https://www.basketball-reference.com/req/202106291/images/players/murphca01.jpg
23,5,Bob Lanier,22,DET,1.0,1.0,98,0.010,82,24.6,15.6,8.1,1.8,NO DATA,NO DATA,.455,NO DATA,.726,5.2,.124,1971,https://www.basketball-reference.com//players/l/laniebo01.html,https://www.basketball-reference.com/req/202106291/images/players/laniebo01.jpg
24,1,Sidney Wicks,22,POR,77.0,77.0,115,0.670,82,39.6,24.5,11.5,4.3,NO DATA,NO DATA,.427,NO DATA,.710,2.3,.034,1972,https://www.basketball-reference.com//players/w/wickssi01.html,https://www.basketball-reference.com/req/202106291/images/players/wickssi01.jpg
25,2,Elmore Smith,22,BUF,21.0,21.0,115,0.183,78,40.8,17.3,15.2,1.4,NO DATA,NO DATA,.454,NO DATA,.534,1.5,.022,1972,https://www.basketball-reference.com//players/s/smithel01.html,https://www.basketball-reference.com/req/202106291/images/players/smithel01.jpg
26,3,Austin Carr,23,CLE,9.0,9.0,115,0.078,43,35.8,21.2,3.5,3.4,NO DATA,NO DATA,.426,NO DATA,.760,1.0,.030,1972,https://www.basketball-reference.com//players/c/carrau01.html,https://www.basketball-reference.com/req/202106291/images/players/carrau01.jpg
27,4,Clifford Ray,23,CHI,5.0,5.0,115,0.043,82,22.8,7.0,10.6,3.1,NO DATA,NO DATA,.499,NO DATA,.615,8.7,.222,1972,https://www.basketball-reference.com//players/r/raycl01.html,https://www.basketball-reference.com/req/202106291/images/players/raycl01.jpg
28,5,Curtis Rowe,22,DET,2.0,2.0,115,0.017,82,32.5,11.3,8.5,1.2,NO DATA,NO DATA,.460,NO DATA,.669,2.3,.041,1972,https://www.basketball-reference.com//players/r/rowecu01.html,https://www.basketball-reference.com/req/202106291/images/players/rowecu01.jpg
29,6,Mike Newlin,23,HOU,1.0,1.0,115,0.009,82,18.2,7.6,2.8,1.6,NO DATA,NO DATA,.414,NO DATA,.750,1.6,.050,1972,https://www.basketball-reference.com//players/n/newlimi01.html,https://www.basketball-reference.com/req/202106291/images/players/newlimi01.jpg
30,1,Bob McAdoo,21,BUF,12.8,12.8,17,0.753,80,32.0,18.0,9.1,1.7,NO DATA,NO DATA,.452,NO DATA,.774,3.8,.071,1973,https://www.basketball-reference.com//players/m/mcadobo01.html,https://www.basketball-reference.com/req/202106291/images/players/mcadobo01.jpg
31,2,Lloyd Neal,22,POR,3.7,3.7,17,0.218,82,33.2,13.4,11.8,1.8,NO DATA,NO DATA,.494,NO DATA,.638,4.8,.085,1973,https://www.basketball-reference.com//players/n/nealll01.html,https://www.basketball-reference.com/req/202106291/images/players/nealll01.jpg
32,3,Chris Ford,24,DET,0.2,0.2,17,0.012,74,20.8,6.4,3.6,2.6,NO DATA,NO DATA,.479,NO DATA,.645,2.5,.079,1973,https://www.basketball-reference.com//players/f/fordch01.html,https://www.basketball-reference.com/req/202106291/images/players/fordch01.jpg
33,4,Jim Price,23,LAL,0.1,0.1,17,0.006,59,14.0,6.4,1.9,1.6,NO DATA,NO DATA,.440,NO DATA,.822,1.5,.088,1973,https://www.basketball-reference.com//players/p/priceji01.html,https://www.basketball-reference.com/req/202106291/images/players/priceji01.jpg
34,5,Bud Stallworth,23,SEA,0.1,0.1,17,0.006,77,15.9,6.3,2.9,0.8,NO DATA,NO DATA,.379,NO DATA,.754,-0.9,-0.036,1973,https://www.basketball-reference.com//players/s/stallbu01.html,https://www.basketball-reference.com/req/202106291/images/players/stallbu01.jpg
35,1,Ernie DiGregorio,23,BUF,16.0,16.0,17,0.941,81,35.9,15.2,2.7,8.2,0.7,0.1,.421,NO DATA,.902,1.2,.021,1974,https://www.basketball-reference.com//players/d/digreer01.html,https://www.basketball-reference.com/req/202106291/images/players/digreer01.jpg
36,2,Ron Behagen,23,KCO,0.7,0.7,17,0.041,80,25.7,11.0,7.1,1.7,0.7,0.5,.432,NO DATA,.764,2.0,.046,1974,https://www.basketball-reference.com//players/b/behagro01.html,https://www.basketball-reference.com/req/202106291/images/players/behagro01.jpg
37,3,Slick Watts,22,SEA,0.2,0.2,17,0.012,62,23.0,8.0,2.9,5.7,1.9,0.2,.388,NO DATA,.645,1.2,.039,1974,https://www.basketball-reference.com//players/w/wattssl01.html,https://www.basketball-reference.com/req/202106291/images/players/wattssl01.jpg
38,1,Jamaal Wilkes,21,GSW,7.6,7.6,18,0.422,82,30.7,14.2,8.2,2.2,1.3,0.3,.442,NO DATA,.734,5.1,.097,1975,https://www.basketball-reference.com//players/w/wilkeja01.html,https://www.basketball-reference.com/req/202106291/images/players/wilkeja01.jpg
39,2,John Drew,20,ATL,5.1,5.1,18,0.283,78,29.3,18.5,10.7,1.8,1.5,0.5,.428,NO DATA,.713,7.1,.149,1975,https://www.basketball-reference.com//players/d/drewjo01.html,https://www.basketball-reference.com/req/202106291/images/players/drewjo01.jpg
40,3,Scott Wedman,22,KCO,3.8,3.8,18,0.211,80,31.9,11.1,6.1,1.6,1.0,0.3,.465,NO DATA,.818,4.8,.091,1975,https://www.basketball-reference.com//players/w/wedmasc01.html,https://www.basketball-reference.com/req/202106291/images/players/wedmasc01.jpg
41,4,Leonard Gray,23,SEA,1.2,1.2,18,0.067,75,30.4,11.5,6.4,2.2,0.8,0.3,.489,NO DATA,.722,4.0,.084,1975,https://www.basketball-reference.com//players/g/grayle01.html,https://www.basketball-reference.com/req/202106291/images/players/grayle01.jpg
42,5,Mike Sojourner,21,ATL,0.3,0.3,18,0.017,73,29.2,11.7,8.8,1.3,0.5,0.8,.488,NO DATA,.651,4.7,.106,1975,https://www.basketball-reference.com//players/s/sojoumi01.html,https://www.basketball-reference.com/req/202106291/images/players/sojoumi01.jpg
43,1,Alvan Adams,21,PHO,16.6,16.6,18,0.922,80,33.2,19.0,9.1,5.6,1.5,1.5,.469,NO DATA,.735,7.2,.130,1976,https://www.basketball-reference.com//players/a/adamsal01.html,https://www.basketball-reference.com/req/202106291/images/players/adamsal01.jpg
44,2,Gus Williams,22,GSW,0.6,0.6,18,0.033,77,22.4,11.7,2.1,3.1,1.8,0.3,.428,NO DATA,.742,4.2,.117,1976,https://www.basketball-reference.com//players/w/willigu01.html,https://www.basketball-reference.com/req/202106291/images/players/willigu01.jpg
45,3,World B. Free,22,PHI,0.4,0.4,18,0.022,71,15.8,8.3,1.8,1.5,0.5,0.1,.448,NO DATA,.602,1.5,.064,1976,https://www.basketball-reference.com//players/f/freewo01.html,https://www.basketball-reference.com/req/202106291/images/players/freewo01.jpg
46,4,Lionel Hollins,22,POR,0.3,0.3,18,0.017,74,25.6,10.8,2.4,4.1,1.8,0.4,.421,NO DATA,.721,1.8,.047,1976,https://www.basketball-reference.com//players/h/hollili01.html,https://www.basketball-reference.com/req/202106291/images/players/hollili01.jpg
47,5,John Shumate,23,TOT,0.1,0.1,18,0.006,75,26.3,11.7,7.4,1.7,1.1,0.5,.561,NO DATA,.650,6.5,.158,1976,https://www.basketball-reference.com//players/s/shumajo01.html,https://www.basketball-reference.com/req/202106291/images/players/shumajo01.jpg
48,1,Adrian Dantley,21,BUF,44.0,44.0,66,0.667,77,36.6,20.3,7.6,1.9,1.2,0.2,.520,NO DATA,.818,9.8,.167,1977,https://www.basketball-reference.com//players/d/dantlad01.html,https://www.basketball-reference.com/req/202106291/images/players/dantlad01.jpg
49,2,John Lucas,23,HOU,8.0,8.0,66,0.121,82,30.9,11.1,2.7,5.6,1.5,0.2,.477,NO DATA,.789,4.8,.091,1977,https://www.basketball-reference.com//players/l/lucasjo01.html,https://www.basketball-reference.com/req/202106291/images/players/lucasjo01.jpg
50,1,Walter Davis,23,PHO,49.3,49.3,66,0.747,81,32.0,24.2,6.0,3.4,1.4,0.2,.526,NO DATA,.830,10.1,.187,1978,https://www.basketball-reference.com//players/d/daviswa03.html,https://www.basketball-reference.com/req/202106291/images/players/daviswa03.jpg
51,2,Marques Johnson,21,MIL,10.3,10.3,66,0.156,80,34.6,19.5,10.6,2.4,1.2,1.3,.522,NO DATA,.736,10.6,.185,1978,https://www.basketball-reference.com//players/j/johnsma01.html,https://www.basketball-reference.com/req/202106291/images/players/johnsma01.jpg
52,3,Bernard King,21,NJN,5.3,5.3,66,0.080,79,39.1,24.2,9.5,2.4,1.5,0.5,.479,NO DATA,.677,5.9,.092,1978,https://www.basketball-reference.com//players/k/kingbe01.html,https://www.basketball-reference.com/req/202106291/images/players/kingbe01.jpg
53,4,Jack Sikma,22,SEA,1.0,1.0,66,0.015,82,27.3,10.7,8.3,1.6,0.8,0.5,.455,NO DATA,.777,5.4,.115,1978,https://www.basketball-reference.com//players/s/sikmaja01.html,https://www.basketball-reference.com/req/202106291/images/players/sikmaja01.jpg
54,5,Norm Nixon,22,LAL,0.3,0.3,66,0.005,81,34.3,13.7,3.0,6.8,1.7,0.1,.497,NO DATA,.714,4.5,.078,1978,https://www.basketball-reference.com//players/n/nixonno01.html,https://www.basketball-reference.com/req/202106291/images/players/nixonno01.jpg
55,1,Phil Ford,22,KCK,62.0,62.0,66,0.939,79,34.5,15.9,2.3,8.6,2.2,0.1,.465,NO DATA,.813,5.7,.101,1979,https://www.basketball-reference.com//players/f/fordph01.html,https://www.basketball-reference.com/req/202106291/images/players/fordph01.jpg
56,2,Reggie Theus,21,CHI,4.0,4.0,66,0.061,82,33.6,16.3,2.8,5.2,1.1,0.2,.480,NO DATA,.761,3.2,.056,1979,https://www.basketball-reference.com//players/t/theusre01.html,https://www.basketball-reference.com/req/202106291/images/players/theusre01.jpg
57,1,Larry Bird,23,BOS,63.0,63.0,66,0.955,82,36.0,21.3,10.4,4.5,1.7,0.6,.474,.406,.836,11.2,.182,1980,https://www.basketball-reference.com//players/b/birdla01.html,https://www.basketball-reference.com/req/202106291/images/players/birdla01.jpg
58,2,Magic Johnson,20,LAL,3.0,3.0,66,0.045,77,36.3,18.0,7.7,7.3,2.4,0.5,.530,.226,.810,10.5,.180,1980,https://www.basketball-reference.com//players/j/johnsma02.html,https://www.basketball-reference.com/req/202106291/images/players/johnsma02.jpg
59,1,Darrell Griffith,22,UTA,19.0,19.0,69,0.275,81,35.4,20.6,3.6,2.4,1.3,0.5,.464,.192,.716,0.4,.006,1981,https://www.basketball-reference.com//players/g/griffda01.html,https://www.basketball-reference.com/req/202106291/images/players/griffda01.jpg
60,2,Kelvin Ransey,22,POR,18.0,18.0,69,0.261,80,30.4,15.2,2.4,6.9,1.1,0.1,.452,.097,.749,2.8,.056,1981,https://www.basketball-reference.com//players/r/ranseke01.html,https://www.basketball-reference.com/req/202106291/images/players/ranseke01.jpg
61,3,Larry Smith,23,GSW,14.0,14.0,69,0.203,82,31.4,9.6,12.1,1.1,0.9,0.8,.512,NO DATA,.588,6.1,.113,1981,https://www.basketball-reference.com//players/s/smithla01.html,https://www.basketball-reference.com/req/202106291/images/players/smithla01.jpg
62,4,Kevin McHale,23,BOS,11.0,11.0,69,0.159,82,20.1,10.0,4.4,0.7,0.3,1.8,.533,.000,.679,4.7,.137,1981,https://www.basketball-reference.com//players/m/mchalke01.html,https://www.basketball-reference.com/req/202106291/images/players/mchalke01.jpg
63,5,Joe Barry Carroll,22,GSW,3.0,3.0,69,0.043,82,35.6,18.9,9.3,1.4,0.6,1.5,.491,.000,.716,5.7,.094,1981,https://www.basketball-reference.com//players/c/carrojo01.html,https://www.basketball-reference.com/req/202106291/images/players/carrojo01.jpg
64,6,Michael Brooks,22,SDC,2.0,2.0,69,0.029,82,30.2,14.7,5.4,2.5,1.2,0.4,.479,.000,.706,4.9,.095,1981,https://www.basketball-reference.com//players/b/brookmi01.html,https://www.basketball-reference.com/req/202106291/images/players/brookmi01.jpg
65,7T,Mike O'Koren,22,NJN,1.0,1.0,69,0.014,79,31.3,11.0,6.1,3.2,1.1,0.3,.486,.278,.637,3.8,.075,1981,https://www.basketball-reference.com//players/o/okoremi01.html,https://www.basketball-reference.com/req/202106291/images/players/okoremi01.jpg
66,7T,Andrew Toney,23,PHI,1.0,1.0,69,0.014,75,23.6,12.9,1.9,3.6,0.8,0.1,.495,.310,.712,2.2,.061,1981,https://www.basketball-reference.com//players/t/toneyan01.html,https://www.basketball-reference.com/req/202106291/images/players/toneyan01.jpg
67,1,Buck Williams,21,NJN,33.0,33.0,69,0.478,82,34.5,15.5,12.3,1.3,1.0,1.0,.582,.000,.624,8.9,.152,1982,https://www.basketball-reference.com//players/w/willibu01.html,https://www.basketball-reference.com/req/202106291/images/players/willibu01.jpg
68,2,Kelly Tripucka,22,DET,22.0,22.0,69,0.319,82,37.5,21.6,5.4,3.3,1.1,0.2,.496,.227,.797,7.5,.117,1982,https://www.basketball-reference.com//players/t/tripuke01.html,https://www.basketball-reference.com/req/202106291/images/players/tripuke01.jpg
69,3,Jay Vincent,22,DAL,11.0,11.0,69,0.159,81,32.4,21.4,7.0,2.2,1.1,0.3,.497,.250,.716,5.6,.102,1982,https://www.basketball-reference.com//players/v/vinceja01.html,https://www.basketball-reference.com/req/202106291/images/players/vinceja01.jpg
70,1,Terry Cummings,21,SDC,60.0,60.0,74,0.811,70,36.2,23.7,10.6,2.5,1.8,0.9,.523,.000,.709,8.7,.164,1983,https://www.basketball-reference.com//players/c/cummite01.html,https://www.basketball-reference.com/req/202106291/images/players/cummite01.jpg
71,2,Clark Kellogg,21,IND,11.0,11.0,74,0.149,81,34.1,20.1,10.6,2.8,1.7,0.5,.479,.222,.741,6.8,.119,1983,https://www.basketball-reference.com//players/k/kellocl01.html,https://www.basketball-reference.com/req/202106291/images/players/kellocl01.jpg
72,3,James Worthy,21,LAL,3.0,3.0,74,0.041,77,25.6,13.4,5.2,1.7,1.2,0.8,.579,.250,.624,5.1,.125,1983,https://www.basketball-reference.com//players/w/worthja01.html,https://www.basketball-reference.com/req/202106291/images/players/worthja01.jpg
73,1,Ralph Sampson,23,HOU,76.0,76.0,76,1.000,82,32.8,21.0,11.1,2.0,0.9,2.4,.523,.250,.661,6.0,.108,1984,https://www.basketball-reference.com//players/s/sampsra01.html,https://www.basketball-reference.com/req/202106291/images/players/sampsra01.jpg
74,1,Michael Jordan,21,CHI,57.5,57.5,78,0.737,82,38.3,28.2,6.5,5.9,2.4,0.8,.515,.173,.845,14.0,.213,1985,https://www.basketball-reference.com//players/j/jordami01.html,https://www.basketball-reference.com/req/202106291/images/players/jordami01.jpg
75,2,Hakeem Olajuwon,22,HOU,20.5,20.5,78,0.263,82,35.5,20.6,11.9,1.4,1.2,2.7,.538,NO DATA,.613,10.2,.168,1985,https://www.basketball-reference.com//players/o/olajuha01.html,https://www.basketball-reference.com/req/202106291/images/players/olajuha01.jpg
76,1,Patrick Ewing,23,NYK,36.0,36.0,78,0.462,50,35.4,20.0,9.0,2.0,1.1,2.1,.474,.000,.739,3.1,.084,1986,https://www.basketball-reference.com//players/e/ewingpa01.html,https://www.basketball-reference.com/req/202106291/images/players/ewingpa01.jpg
77,2,Xavier McDaniel,22,SEA,16.5,16.5,78,0.212,82,33.0,17.1,8.0,2.4,1.2,0.5,.490,.200,.687,5.1,.091,1986,https://www.basketball-reference.com//players/m/mcdanxa01.html,https://www.basketball-reference.com/req/202106291/images/players/mcdanxa01.jpg
78,3,Karl Malone,22,UTA,14.5,14.5,78,0.186,81,30.6,14.9,8.9,2.9,1.3,0.5,.496,.000,.481,1.9,.036,1986,https://www.basketball-reference.com//players/m/malonka01.html,https://www.basketball-reference.com/req/202106291/images/players/malonka01.jpg
79,4,Spud Webb,22,ATL,4.0,4.0,78,0.051,79,15.6,7.8,1.6,4.3,1.0,0.1,.483,.182,.785,3.5,.137,1986,https://www.basketball-reference.com//players/w/webbsp01.html,https://www.basketball-reference.com/req/202106291/images/players/webbsp01.jpg
80,5T,Manute Bol,23,WSB,3.0,3.0,78,0.038,80,26.1,3.7,6.0,0.3,0.4,5.0,.460,.000,.488,3.9,.089,1986,https://www.basketball-reference.com//players/b/bolma01.html,https://www.basketball-reference.com/req/202106291/images/players/bolma01.jpg
81,5T,Charles Oakley,22,CHI,3.0,3.0,78,0.038,77,23.0,9.6,8.6,1.7,0.9,0.4,.519,.000,.662,3.3,.090,1986,https://www.basketball-reference.com//players/o/oaklech01.html,https://www.basketball-reference.com/req/202106291/images/players/oaklech01.jpg
82,7,Benoit Benjamin,21,LAC,1.0,1.0,78,0.013,79,26.4,11.1,7.6,1.0,0.8,2.6,.490,.333,.746,4.0,.093,1986,https://www.basketball-reference.com//players/b/benjabe01.html,https://www.basketball-reference.com/req/202106291/images/players/benjabe01.jpg
83,1,Chuck Person,22,IND,68.0,68.0,78,0.872,82,36.0,18.8,8.3,3.6,1.1,0.2,.468,.355,.747,5.4,.088,1987,https://www.basketball-reference.com//players/p/persoch01.html,https://www.basketball-reference.com/req/202106291/images/players/persoch01.jpg
84,2,Ron Harper,23,CLE,10.0,10.0,78,0.128,82,37.4,22.9,4.8,4.8,2.5,1.0,.455,.213,.684,4.2,.066,1987,https://www.basketball-reference.com//players/h/harpero01.html,https://www.basketball-reference.com/req/202106291/images/players/harpero01.jpg
85,1,Mark Jackson,22,NYK,77.0,77.0,80,0.963,82,39.6,13.6,4.8,10.6,2.5,0.1,.432,.254,.774,7.6,.113,1988,https://www.basketball-reference.com//players/j/jacksma01.html,https://www.basketball-reference.com/req/202106291/images/players/jacksma01.jpg
86,2T,Greg Anderson,23,SAS,1.0,1.0,80,0.013,82,24.2,11.7,6.3,1.0,0.7,1.5,.501,.200,.604,2.3,.056,1988,https://www.basketball-reference.com//players/a/andergr01.html,https://www.basketball-reference.com/req/202106291/images/players/andergr01.jpg
87,2T,Winston Garland,23,GSW,1.0,1.0,80,0.013,67,31.7,12.4,3.4,6.4,1.7,0.1,.439,.333,.879,1.7,.039,1988,https://www.basketball-reference.com//players/g/garlawi01.html,https://www.basketball-reference.com/req/202106291/images/players/garlawi01.jpg
88,2T,Kenny Smith,22,SAC,1.0,1.0,80,0.013,61,35.6,13.8,2.3,7.1,1.5,0.1,.477,.308,.819,2.2,.049,1988,https://www.basketball-reference.com//players/s/smithke01.html,https://www.basketball-reference.com/req/202106291/images/players/smithke01.jpg
89,1,Mitch Richmond,23,GSW,80.0,80.0,85,0.941,79,34.4,22.0,5.9,4.2,1.0,0.2,.468,.367,.810,5.6,.098,1989,https://www.basketball-reference.com//players/r/richmmi01.html,https://www.basketball-reference.com/req/202106291/images/players/richmmi01.jpg
90,2,Willie Anderson,22,SAS,4.0,4.0,85,0.047,81,33.8,18.6,5.1,4.6,1.9,0.8,.498,.190,.775,4.9,.085,1989,https://www.basketball-reference.com//players/a/anderwi01.html,https://www.basketball-reference.com/req/202106291/images/players/anderwi01.jpg
91,3,Chris Morris,23,NJN,1.0,1.0,85,0.012,76,27.6,14.1,5.2,1.6,1.3,0.8,.457,.366,.717,2.8,.064,1989,https://www.basketball-reference.com//players/m/morrich01.html,https://www.basketball-reference.com/req/202106291/images/players/morrich01.jpg
92,1,David Robinson,24,SAS,92.0,92.0,92,1.000,82,36.6,24.3,12.0,2.0,1.7,3.9,.531,.000,.732,15.1,.241,1990,https://www.basketball-reference.com//players/r/robinda01.html,https://www.basketball-reference.com/req/202106291/images/players/robinda01.jpg
93,1,Derrick Coleman,23,NJN,69.0,69.0,96,0.719,74,35.2,18.4,10.3,2.2,1.0,1.3,.467,.342,.731,5.8,.108,1991,https://www.basketball-reference.com//players/c/colemde01.html,https://www.basketball-reference.com/req/202106291/images/players/colemde01.jpg
94,2,Lionel Simmons,22,SAC,22.0,22.0,96,0.229,79,37.7,18.0,8.8,4.0,1.4,1.1,.422,.273,.736,2.7,.044,1991,https://www.basketball-reference.com//players/s/simmoli01.html,https://www.basketball-reference.com/req/202106291/images/players/simmoli01.jpg
95,3,Dennis Scott,22,ORL,3.0,3.0,96,0.031,82,28.5,15.7,2.9,1.6,0.8,0.3,.425,.374,.750,2.6,.054,1991,https://www.basketball-reference.com//players/s/scottde01.html,https://www.basketball-reference.com/req/202106291/images/players/scottde01.jpg
96,4,Dee Brown,22,BOS,2.0,2.0,96,0.021,82,23.7,8.7,2.2,4.2,1.0,0.2,.464,.206,.873,3.5,.087,1991,https://www.basketball-reference.com//players/b/brownde01.html,https://www.basketball-reference.com/req/202106291/images/players/brownde01.jpg
97,1,Larry Johnson,22,CHH,90.5,90.5,96,0.943,82,37.2,19.2,11.0,3.6,1.0,0.6,.490,.227,.829,8.9,.140,1992,https://www.basketball-reference.com//players/j/johnsla02.html,https://www.basketball-reference.com/req/202106291/images/players/johnsla02.jpg
98,2,Dikembe Mutombo,25,DEN,3.5,3.5,96,0.036,71,38.3,16.6,12.3,2.2,0.6,3.0,.493,NO DATA,.642,4.8,.086,1992,https://www.basketball-reference.com//players/m/mutomdi01.html,https://www.basketball-reference.com/req/202106291/images/players/mutomdi01.jpg
99,3,Billy Owens,22,GSW,2.0,2.0,96,0.021,80,31.4,14.3,8.0,2.4,1.1,0.8,.525,.111,.654,5.6,.107,1992,https://www.basketball-reference.com//players/o/owensbi01.html,https://www.basketball-reference.com/req/202106291/images/players/owensbi01.jpg
100,1,Shaquille O'Neal,20,ORL,96.0,96.0,98,0.980,81,37.9,23.4,13.9,1.9,0.7,3.5,.562,.000,.592,10.4,.163,1993,https://www.basketball-reference.com//players/o/onealsh01.html,https://www.basketball-reference.com/req/202106291/images/players/onealsh01.jpg
101,2,Alonzo Mourning,22,CHH,2.0,2.0,98,0.020,78,33.9,21.0,10.3,1.0,0.3,3.5,.511,.000,.781,8.2,.148,1993,https://www.basketball-reference.com//players/m/mournal01.html,https://www.basketball-reference.com/req/202106291/images/players/mournal01.jpg
102,1,Chris Webber,20,GSW,53.0,53.0,101,0.525,76,32.1,17.5,9.1,3.6,1.2,2.2,.552,.000,.532,7.8,.154,1994,https://www.basketball-reference.com//players/w/webbech01.html,https://www.basketball-reference.com/req/202106291/images/players/webbech01.jpg
103,2,Anfernee Hardaway,22,ORL,47.0,47.0,101,0.465,82,36.8,16.0,5.4,6.6,2.3,0.6,.466,.267,.742,7.1,.112,1994,https://www.basketball-reference.com//players/h/hardaan01.html,https://www.basketball-reference.com/req/202106291/images/players/hardaan01.jpg
104,3,Jamal Mashburn,21,DAL,1.0,1.0,101,0.010,79,36.7,19.2,4.5,3.4,1.1,0.2,.406,.284,.699,0.9,.014,1994,https://www.basketball-reference.com//players/m/mashbja01.html,https://www.basketball-reference.com/req/202106291/images/players/mashbja01.jpg
105,1T,Grant Hill,22,DET,43.0,43.0,105,0.410,70,38.3,19.9,6.4,5.0,1.8,0.9,.477,.148,.732,5.4,.097,1995,https://www.basketball-reference.com//players/h/hillgr01.html,https://www.basketball-reference.com/req/202106291/images/players/hillgr01.jpg
106,1T,Jason Kidd,21,DAL,43.0,43.0,105,0.410,79,33.8,11.7,5.4,7.7,1.9,0.3,.385,.272,.698,3.7,.066,1995,https://www.basketball-reference.com//players/k/kiddja01.html,https://www.basketball-reference.com/req/202106291/images/players/kiddja01.jpg
107,3,Glenn Robinson,22,MIL,15.0,15.0,105,0.143,80,37.0,21.9,6.4,2.5,1.4,0.3,.451,.321,.796,3.2,.053,1995,https://www.basketball-reference.com//players/r/robingl01.html,https://www.basketball-reference.com/req/202106291/images/players/robingl01.jpg
108,4,Eddie Jones,23,LAL,2.0,2.0,105,0.019,64,31.0,14.0,3.9,2.0,2.0,0.6,.460,.370,.722,5.0,.122,1995,https://www.basketball-reference.com//players/j/jonesed02.html,https://www.basketball-reference.com/req/202106291/images/players/jonesed02.jpg
109,5T,Brian Grant,22,SAC,1.0,1.0,105,0.010,80,28.6,13.2,7.5,1.2,0.6,1.5,.511,.250,.636,5.3,.112,1995,https://www.basketball-reference.com//players/g/grantbr01.html,https://www.basketball-reference.com/req/202106291/images/players/grantbr01.jpg
110,5T,Juwan Howard,21,WSB,1.0,1.0,105,0.010,65,36.1,17.0,8.4,2.5,0.8,0.2,.489,.000,.664,2.8,.057,1995,https://www.basketball-reference.com//players/h/howarju01.html,https://www.basketball-reference.com/req/202106291/images/players/howarju01.jpg
111,1,Damon Stoudamire,22,TOR,76.0,76.0,113,0.673,70,40.9,19.0,4.0,9.3,1.4,0.3,.426,.395,.797,4.3,.072,1996,https://www.basketball-reference.com//players/s/stoudda01.html,https://www.basketball-reference.com/req/202106291/images/players/stoudda01.jpg
112,2,Arvydas Sabonis,31,POR,17.0,17.0,113,0.150,73,23.8,14.5,8.1,1.8,0.9,1.1,.545,.375,.757,8.4,.233,1996,https://www.basketball-reference.com//players/s/sabonar01.html,https://www.basketball-reference.com/req/202106291/images/players/sabonar01.jpg
113,3,Joe Smith,20,GSW,15.0,15.0,113,0.133,82,34.4,15.3,8.7,1.0,1.0,1.6,.458,.357,.773,6.8,.116,1996,https://www.basketball-reference.com//players/s/smithjo02.html,https://www.basketball-reference.com/req/202106291/images/players/smithjo02.jpg
114,4T,Michael Finley,22,PHO,2.0,2.0,113,0.018,82,39.2,15.0,4.6,3.5,1.0,0.4,.476,.328,.749,6.3,.095,1996,https://www.basketball-reference.com//players/f/finlemi01.html,https://www.basketball-reference.com/req/202106291/images/players/finlemi01.jpg
115,4T,Jerry Stackhouse,21,PHI,2.0,2.0,113,0.018,72,37.5,19.2,3.7,3.9,1.1,1.1,.414,.318,.747,1.2,.021,1996,https://www.basketball-reference.com//players/s/stackje01.html,https://www.basketball-reference.com/req/202106291/images/players/stackje01.jpg
116,6,Kevin Garnett,19,MIN,1.0,1.0,113,0.009,80,28.7,10.4,6.3,1.8,1.1,1.6,.491,.286,.705,4.4,.092,1996,https://www.basketball-reference.com//players/g/garneke01.html,https://www.basketball-reference.com/req/202106291/images/players/garneke01.jpg
117,1,Allen Iverson,21,PHI,44.0,44.0,115,0.383,76,40.1,23.5,4.1,7.5,2.1,0.3,.416,.341,.702,4.1,.065,1997,https://www.basketball-reference.com//players/i/iversal01.html,https://www.basketball-reference.com/req/202106291/images/players/iversal01.jpg
118,2,Stephon Marbury,19,MIN,35.0,35.0,115,0.304,67,34.7,15.8,2.7,7.8,1.0,0.3,.408,.354,.727,3.7,.077,1997,https://www.basketball-reference.com//players/m/marbust01.html,https://www.basketball-reference.com/req/202106291/images/players/marbust01.jpg
119,3,Shareef Abdur-Rahim,20,VAN,25.0,25.0,115,0.217,80,35.0,18.7,6.9,2.2,1.0,1.0,.453,.259,.746,2.9,.049,1997,https://www.basketball-reference.com//players/a/abdursh01.html,https://www.basketball-reference.com/req/202106291/images/players/abdursh01.jpg
120,4,Antoine Walker,20,BOS,6.0,6.0,115,0.052,82,36.2,17.5,9.0,3.2,1.3,0.6,.425,.327,.631,1.7,.027,1997,https://www.basketball-reference.com//players/w/walkean02.html,https://www.basketball-reference.com/req/202106291/images/players/walkean02.jpg
121,5,Kerry Kittles,22,NJN,5.0,5.0,115,0.043,82,36.7,16.4,3.9,3.0,1.9,0.4,.426,.377,.771,6.9,.110,1997,https://www.basketball-reference.com//players/k/kittlke01.html,https://www.basketball-reference.com/req/202106291/images/players/kittlke01.jpg
122,1,Tim Duncan,21,SAS,113.0,113.0,116,0.974,82,39.1,21.1,11.9,2.7,0.7,2.5,.549,.000,.662,12.8,.192,1998,https://www.basketball-reference.com//players/d/duncati01.html,https://www.basketball-reference.com/req/202106291/images/players/duncati01.jpg
123,2,Keith Van Horn,22,NJN,3.0,3.0,116,0.026,62,37.5,19.7,6.6,1.7,1.0,0.4,.426,.308,.846,4.8,.098,1998,https://www.basketball-reference.com//players/v/vanhoke01.html,https://www.basketball-reference.com/req/202106291/images/players/vanhoke01.jpg
124,1,Vince Carter,22,TOR,113.0,113.0,118,0.958,50,35.2,18.3,5.7,3.0,1.1,1.5,.450,.288,.761,5.0,.136,1999,https://www.basketball-reference.com//players/c/cartevi01.html,https://www.basketball-reference.com/req/202106291/images/players/cartevi01.jpg
125,2,Jason Williams,23,SAC,3.0,3.0,118,0.025,50,36.1,12.8,3.1,6.0,1.9,0.0,.374,.310,.752,2.1,.055,1999,https://www.basketball-reference.com//players/w/willija02.html,https://www.basketball-reference.com/req/202106291/images/players/willija02.jpg
126,3,Paul Pierce,21,BOS,2.0,2.0,118,0.017,48,34.0,16.5,6.4,2.4,1.7,1.0,.439,.412,.713,4.9,.144,1999,https://www.basketball-reference.com//players/p/piercpa01.html,https://www.basketball-reference.com/req/202106291/images/players/piercpa01.jpg
127,1T,Elton Brand,20,CHI,58.0,58.0,121,0.479,81,37.0,20.1,10.0,1.9,0.8,1.6,.482,.000,.685,7.5,.121,2000,https://www.basketball-reference.com//players/b/brandel01.html,https://www.basketball-reference.com/req/202106291/images/players/brandel01.jpg
128,1T,Steve Francis,22,HOU,58.0,58.0,121,0.479,77,36.1,18.0,5.3,6.6,1.5,0.4,.445,.345,.786,6.4,.111,2000,https://www.basketball-reference.com//players/f/francst01.html,https://www.basketball-reference.com/req/202106291/images/players/francst01.jpg
129,3,Lamar Odom,20,LAC,3.0,3.0,121,0.025,76,36.4,16.6,7.8,4.2,1.2,1.3,.438,.360,.719,3.2,.055,2000,https://www.basketball-reference.com//players/o/odomla01.html,https://www.basketball-reference.com/req/202106291/images/players/odomla01.jpg
130,4,Andre Miller,23,CLE,2.0,2.0,121,0.017,82,25.5,11.1,3.4,5.8,1.0,0.2,.449,.204,.774,5.3,.122,2000,https://www.basketball-reference.com//players/m/millean02.html,https://www.basketball-reference.com/req/202106291/images/players/millean02.jpg
131,1,Mike Miller,20,ORL,75.0,75.0,124,0.605,82,29.1,11.9,4.0,1.7,0.6,0.2,.436,.407,.711,5.3,.106,2001,https://www.basketball-reference.com//players/m/millemi01.html,https://www.basketball-reference.com/req/202106291/images/players/millemi01.jpg
132,2,Kenyon Martin,23,NJN,36.0,36.0,124,0.290,68,33.4,12.0,7.4,1.9,1.1,1.7,.445,.091,.630,2.1,.044,2001,https://www.basketball-reference.com//players/m/martike01.html,https://www.basketball-reference.com/req/202106291/images/players/martike01.jpg
133,3,Marc Jackson,26,GSW,7.0,7.0,124,0.056,48,29.4,13.2,7.5,1.2,0.7,0.6,.467,.217,.802,2.6,.089,2001,https://www.basketball-reference.com//players/j/jacksma02.html,https://www.basketball-reference.com/req/202106291/images/players/jacksma02.jpg
134,4T,Darius Miles,19,LAC,3.0,3.0,124,0.024,81,26.3,9.4,5.9,1.2,0.6,1.5,.505,.053,.521,3.0,.068,2001,https://www.basketball-reference.com//players/m/milesda01.html,https://www.basketball-reference.com/req/202106291/images/players/milesda01.jpg
135,4T,Morris Peterson,23,TOR,3.0,3.0,124,0.024,80,22.6,9.3,3.2,1.3,0.8,0.3,.431,.382,.717,3.6,.096,2001,https://www.basketball-reference.com//players/p/petermo01.html,https://www.basketball-reference.com/req/202106291/images/players/petermo01.jpg
136,1,Pau Gasol,21,MEM,117.0,117.0,126,0.929,82,36.7,17.6,8.9,2.7,0.5,2.1,.518,.200,.709,7.6,.121,2002,https://www.basketball-reference.com//players/g/gasolpa01.html,https://www.basketball-reference.com/req/202106291/images/players/gasolpa01.jpg
137,2,Richard Jefferson,21,NJN,3.0,3.0,126,0.024,79,24.3,9.4,3.7,1.8,0.8,0.6,.457,.232,.713,4.7,.117,2002,https://www.basketball-reference.com//players/j/jefferi01.html,https://www.basketball-reference.com/req/202106291/images/players/jefferi01.jpg
138,3T,Andrei Kirilenko,20,UTA,2.0,2.0,126,0.016,82,26.2,10.7,4.9,1.1,1.4,1.9,.450,.250,.768,7.3,.164,2002,https://www.basketball-reference.com//players/k/kirilan01.html,https://www.basketball-reference.com/req/202106291/images/players/kirilan01.jpg
139,3T,Jason Richardson,21,GSW,2.0,2.0,126,0.016,80,32.9,14.4,4.3,3.0,1.3,0.4,.426,.333,.671,2.9,.052,2002,https://www.basketball-reference.com//players/r/richaja01.html,https://www.basketball-reference.com/req/202106291/images/players/richaja01.jpg
140,3T,Jamaal Tinsley,23,IND,2.0,2.0,126,0.016,80,30.5,9.4,3.7,8.1,1.7,0.5,.380,.240,.704,1.7,.033,2002,https://www.basketball-reference.com//players/t/tinslja01.html,https://www.basketball-reference.com/req/202106291/images/players/tinslja01.jpg
141,1,Amar'e Stoudemire,20,PHO,59.0,458.0,585,0.783,82,31.3,13.5,8.8,1.0,0.8,1.1,.472,.200,.661,6.2,.116,2003,https://www.basketball-reference.com//players/s/stoudam01.html,https://www.basketball-reference.com/req/202106291/images/players/stoudam01.jpg
142,2,Yao Ming,22,HOU,45.0,405.0,585,0.692,82,29.0,13.5,8.2,1.7,0.4,1.8,.498,.500,.811,8.7,.176,2003,https://www.basketball-reference.com//players/m/mingya01.html,https://www.basketball-reference.com/req/202106291/images/players/mingya01.jpg
143,3,Caron Butler,22,MIA,13.0,179.0,585,0.306,78,36.6,15.4,5.1,2.7,1.8,0.4,.416,.318,.824,5.1,.086,2003,https://www.basketball-reference.com//players/b/butleca01.html,https://www.basketball-reference.com/req/202106291/images/players/butleca01.jpg
144,4,Manu Ginóbili,25,SAS,0.0,5.0,585,0.009,69,20.7,7.6,2.3,2.0,1.4,0.2,.438,.345,.737,4.2,.141,2003,https://www.basketball-reference.com//players/g/ginobma01.html,https://www.basketball-reference.com/req/202106291/images/players/ginobma01.jpg
145,5,Drew Gooden,21,TOT,0.0,3.0,585,0.005,70,26.8,12.5,6.5,1.2,0.8,0.5,.457,.292,.712,1.7,.043,2003,https://www.basketball-reference.com//players/g/goodedr01.html,https://www.basketball-reference.com/req/202106291/images/players/goodedr01.jpg
146,6,Nenê,20,DEN,0.0,2.0,585,0.003,80,28.2,10.5,6.1,1.9,1.6,0.8,.519,.000,.578,5.0,.107,2003,https://www.basketball-reference.com//players/h/hilarne01.html,https://www.basketball-reference.com/req/202106291/images/players/hilarne01.jpg
147,7,Carlos Boozer,21,CLE,0.0,1.0,585,0.002,81,25.3,10.0,7.5,1.3,0.7,0.6,.536,.000,.771,5.9,.139,2003,https://www.basketball-reference.com//players/b/boozeca01.html,https://www.basketball-reference.com/req/202106291/images/players/boozeca01.jpg
148,1,LeBron James,19,CLE,78.0,508.0,590,0.861,79,39.5,20.9,5.5,5.9,1.6,0.7,.417,.290,.754,5.1,.078,2004,https://www.basketball-reference.com//players/j/jamesle01.html,https://www.basketball-reference.com/req/202106291/images/players/jamesle01.jpg
149,2,Carmelo Anthony,19,DEN,40.0,430.0,590,0.729,82,36.5,21.0,6.1,2.8,1.2,0.5,.426,.322,.777,6.1,.098,2004,https://www.basketball-reference.com//players/a/anthoca01.html,https://www.basketball-reference.com/req/202106291/images/players/anthoca01.jpg
150,3,Dwyane Wade,22,MIA,0.0,117.0,590,0.198,61,34.9,16.2,4.0,4.5,1.4,0.6,.465,.302,.747,4.6,.103,2004,https://www.basketball-reference.com//players/w/wadedw01.html,https://www.basketball-reference.com/req/202106291/images/players/wadedw01.jpg
151,4,Kirk Hinrich,23,CHI,0.0,4.0,590,0.007,76,35.6,12.0,3.4,6.8,1.3,0.3,.386,.390,.804,4.1,.072,2004,https://www.basketball-reference.com//players/h/hinriki01.html,https://www.basketball-reference.com/req/202106291/images/players/hinriki01.jpg
152,5,Chris Bosh,19,TOR,0.0,2.0,590,0.003,75,33.5,11.5,7.4,1.0,0.8,1.4,.459,.357,.701,6.2,.119,2004,https://www.basketball-reference.com//players/b/boshch01.html,https://www.basketball-reference.com/req/202106291/images/players/boshch01.jpg
153,6,Marquis Daniels,23,DAL,0.0,1.0,590,0.002,56,18.6,8.5,2.6,2.1,0.9,0.2,.494,.306,.769,3.2,.146,2004,https://www.basketball-reference.com//players/d/daniema01.html,https://www.basketball-reference.com/req/202106291/images/players/daniema01.jpg
154,1,Emeka Okafor,22,CHA,77.0,514.0,630,0.816,73,35.6,15.1,10.9,0.9,0.8,1.7,.447,.000,.609,4.0,.074,2005,https://www.basketball-reference.com//players/o/okafoem01.html,https://www.basketball-reference.com/req/202106291/images/players/okafoem01.jpg
155,2,Ben Gordon,21,CHI,43.0,443.0,630,0.703,82,24.4,15.1,2.6,2.0,0.6,0.1,.411,.405,.863,3.5,.084,2005,https://www.basketball-reference.com//players/g/gordobe01.html,https://www.basketball-reference.com/req/202106291/images/players/gordobe01.jpg
156,3,Dwight Howard,19,ORL,6.0,161.0,630,0.256,82,32.6,12.0,10.0,0.9,0.9,1.7,.520,.000,.671,7.3,.131,2005,https://www.basketball-reference.com//players/h/howardw01.html,https://www.basketball-reference.com/req/202106291/images/players/howardw01.jpg
157,4,Andre Iguodala,21,PHI,0.0,14.0,630,0.022,82,32.8,9.0,5.7,3.0,1.7,0.6,.493,.331,.743,6.6,.118,2005,https://www.basketball-reference.com//players/i/iguodan01.html,https://www.basketball-reference.com/req/202106291/images/players/iguodan01.jpg
158,5T,Luol Deng,19,CHI,0.0,1.0,630,0.002,61,27.3,11.7,5.3,2.2,0.8,0.4,.434,.265,.741,3.0,.086,2005,https://www.basketball-reference.com//players/d/denglu01.html,https://www.basketball-reference.com/req/202106291/images/players/denglu01.jpg
159,5T,J.R. Smith,19,NOH,0.0,1.0,630,0.002,76,24.5,10.3,2.0,1.9,0.7,0.1,.394,.288,.689,0.2,.006,2005,https://www.basketball-reference.com//players/s/smithjr01.html,https://www.basketball-reference.com/req/202106291/images/players/smithjr01.jpg
160,1,Chris Paul,20,NOK,124.0,623.0,625,0.997,78,36.0,16.1,5.1,7.8,2.2,0.1,.430,.282,.847,10.4,.178,2006,https://www.basketball-reference.com//players/p/paulch01.html,https://www.basketball-reference.com/req/202106291/images/players/paulch01.jpg
161,2,Charlie Villanueva,21,TOR,0.0,248.0,625,0.397,81,29.1,13.0,6.4,1.1,0.7,0.8,.463,.327,.706,3.9,.079,2006,https://www.basketball-reference.com//players/v/villach01.html,https://www.basketball-reference.com/req/202106291/images/players/villach01.jpg
162,3,Andrew Bogut,21,MIL,0.0,98.0,625,0.157,82,28.6,9.4,7.0,2.3,0.6,0.8,.533,.000,.629,5.5,.113,2006,https://www.basketball-reference.com//players/b/bogutan01.html,https://www.basketball-reference.com/req/202106291/images/players/bogutan01.jpg
163,4,Raymond Felton,21,CHA,0.0,79.0,625,0.126,80,30.1,11.9,3.3,5.6,1.3,0.1,.391,.358,.725,2.6,.051,2006,https://www.basketball-reference.com//players/f/feltora01.html,https://www.basketball-reference.com/req/202106291/images/players/feltora01.jpg
164,5,Channing Frye,22,NYK,0.0,41.0,625,0.066,65,24.2,12.3,5.8,0.8,0.5,0.7,.477,.333,.825,3.5,.108,2006,https://www.basketball-reference.com//players/f/fryech01.html,https://www.basketball-reference.com/req/202106291/images/players/fryech01.jpg
165,6,Deron Williams,21,UTA,1.0,31.0,625,0.050,80,28.8,10.8,2.4,4.5,0.8,0.2,.421,.416,.704,2.8,.059,2006,https://www.basketball-reference.com//players/w/willide01.html,https://www.basketball-reference.com/req/202106291/images/players/willide01.jpg
166,7T,Danny Granger,22,IND,0.0,2.0,625,0.003,78,22.6,7.5,4.9,1.2,0.7,0.8,.462,.323,.777,5.1,.139,2006,https://www.basketball-reference.com//players/g/grangda01.html,https://www.basketball-reference.com/req/202106291/images/players/grangda01.jpg
167,7T,Luther Head,23,HOU,0.0,2.0,625,0.003,80,28.9,8.8,3.3,2.7,1.1,0.1,.403,.361,.699,3.5,.072,2006,https://www.basketball-reference.com//players/h/headlu01.html,https://www.basketball-reference.com/req/202106291/images/players/headlu01.jpg
168,9,Ryan Gomes,23,BOS,0.0,1.0,625,0.002,61,22.6,7.6,4.9,1.0,0.6,0.1,.487,.333,.752,3.1,.108,2006,https://www.basketball-reference.com//players/g/gomesry01.html,https://www.basketball-reference.com/req/202106291/images/players/gomesry01.jpg
169,1,Brandon Roy,22,POR,127.0,638.0,640,0.997,57,35.4,16.8,4.4,4.0,1.2,0.2,.456,.377,.838,4.8,.114,2007,https://www.basketball-reference.com//players/r/roybr01.html,https://www.basketball-reference.com/req/202106291/images/players/roybr01.jpg
170,2,Andrea Bargnani,21,TOR,1.0,264.0,640,0.413,65,25.1,11.6,3.9,0.8,0.5,0.8,.427,.373,.824,1.9,.057,2007,https://www.basketball-reference.com//players/b/bargnan01.html,https://www.basketball-reference.com/req/202106291/images/players/bargnan01.jpg
171,3,Rudy Gay,20,MEM,0.0,93.0,640,0.145,78,27.0,10.8,4.5,1.3,0.9,0.9,.422,.364,.727,0.5,.011,2007,https://www.basketball-reference.com//players/g/gayru01.html,https://www.basketball-reference.com/req/202106291/images/players/gayru01.jpg
172,4,Adam Morrison,22,CHA,0.0,44.0,640,0.069,78,29.8,11.8,2.9,2.1,0.4,0.1,.376,.337,.710,-1.5,-0.030,2007,https://www.basketball-reference.com//players/m/morriad01.html,https://www.basketball-reference.com/req/202106291/images/players/morriad01.jpg
173,5,Randy Foye,23,MIN,0.0,37.0,640,0.058,82,22.9,10.1,2.7,2.8,0.6,0.3,.434,.368,.854,2.3,.058,2007,https://www.basketball-reference.com//players/f/foyera01.html,https://www.basketball-reference.com/req/202106291/images/players/foyera01.jpg
174,6,Paul Millsap,21,UTA,0.0,19.0,640,0.030,82,18.0,6.8,5.2,0.8,0.8,0.9,.525,.333,.673,4.7,.153,2007,https://www.basketball-reference.com//players/m/millspa01.html,https://www.basketball-reference.com/req/202106291/images/players/millspa01.jpg
175,7,LaMarcus Aldridge,21,POR,0.0,18.0,640,0.028,63,22.1,9.0,5.0,0.4,0.3,1.2,.503,.000,.722,3.4,.118,2007,https://www.basketball-reference.com//players/a/aldrila01.html,https://www.basketball-reference.com/req/202106291/images/players/aldrila01.jpg
176,8,Jorge Garbajosa,29,TOR,0.0,17.0,640,0.027,67,28.5,8.5,4.9,1.9,1.2,0.2,.420,.342,.731,3.0,.074,2007,https://www.basketball-reference.com//players/g/garbajo01.html,https://www.basketball-reference.com/req/202106291/images/players/garbajo01.jpg
177,9,Tyrus Thomas,20,CHI,0.0,10.0,640,0.016,72,13.4,5.2,3.7,0.6,0.6,1.1,.475,.000,.606,2.2,.110,2007,https://www.basketball-reference.com//players/t/thomaty01.html,https://www.basketball-reference.com/req/202106291/images/players/thomaty01.jpg
178,10,Walter Herrmann,27,CHA,0.0,5.0,640,0.008,48,19.5,9.2,2.9,0.5,0.4,0.1,.527,.461,.774,2.4,.125,2007,https://www.basketball-reference.com//players/h/herrmwa01.html,https://www.basketball-reference.com/req/202106291/images/players/herrmwa01.jpg
179,11,Craig Smith,23,MIN,0.0,4.0,640,0.006,82,18.7,7.4,5.1,0.6,0.6,0.2,.531,.000,.624,3.9,.121,2007,https://www.basketball-reference.com//players/s/smithcr01.html,https://www.basketball-reference.com/req/202106291/images/players/smithcr01.jpg
180,12,Rajon Rondo,20,BOS,0.0,3.0,640,0.005,78,23.5,6.4,3.7,3.8,1.6,0.1,.418,.207,.647,2.4,.064,2007,https://www.basketball-reference.com//players/r/rondora01.html,https://www.basketball-reference.com/req/202106291/images/players/rondora01.jpg
181,1,Kevin Durant,19,SEA,90.0,545.0,625,0.872,80,34.6,20.3,4.4,2.4,1.0,0.9,.430,.288,.873,2.3,.040,2008,https://www.basketball-reference.com//players/d/duranke01.html,https://www.basketball-reference.com/req/202106291/images/players/duranke01.jpg
182,2,Al Horford,21,ATL,30.0,390.0,625,0.624,81,31.4,10.1,9.7,1.5,0.7,0.9,.499,.000,.731,5.5,.103,2008,https://www.basketball-reference.com//players/h/horfoal01.html,https://www.basketball-reference.com/req/202106291/images/players/horfoal01.jpg
183,3,Luis Scola,27,HOU,5.0,146.0,625,0.234,82,24.7,10.3,6.4,1.3,0.7,0.2,.515,.000,.668,6.5,.154,2008,https://www.basketball-reference.com//players/s/scolalu01.html,https://www.basketball-reference.com/req/202106291/images/players/scolalu01.jpg
184,4,Al Thornton,24,LAC,0.0,30.0,625,0.048,79,27.3,12.7,4.5,1.2,0.6,0.5,.429,.331,.743,1.1,.025,2008,https://www.basketball-reference.com//players/t/thornal01.html,https://www.basketball-reference.com/req/202106291/images/players/thornal01.jpg
185,5,Jamario Moon,27,TOR,0.0,7.0,625,0.011,78,27.8,8.5,6.2,1.2,1.0,1.4,.485,.328,.741,5.7,.126,2008,https://www.basketball-reference.com//players/m/moonja01.html,https://www.basketball-reference.com/req/202106291/images/players/moonja01.jpg
186,6,Juan Carlos Navarro,27,MEM,0.0,3.0,625,0.005,82,25.8,10.9,2.6,2.2,0.6,0.0,.402,.361,.849,1.4,.031,2008,https://www.basketball-reference.com//players/n/navarju01.html,https://www.basketball-reference.com/req/202106291/images/players/navarju01.jpg
187,7,Thaddeus Young,19,PHI,0.0,2.0,625,0.003,74,21.0,8.2,4.2,0.8,1.0,0.1,.539,.316,.738,4.5,.140,2008,https://www.basketball-reference.com//players/y/youngth01.html,https://www.basketball-reference.com/req/202106291/images/players/youngth01.jpg
188,8T,Mike Conley,20,MEM,0.0,1.0,625,0.002,53,26.1,9.4,2.6,4.2,0.8,0.0,.428,.330,.732,1.1,.038,2008,https://www.basketball-reference.com//players/c/conlemi01.html,https://www.basketball-reference.com/req/202106291/images/players/conlemi01.jpg
189,8T,Carl Landry,24,HOU,0.0,1.0,625,0.002,42,16.9,8.1,4.9,0.5,0.4,0.2,.616,.000,.661,3.7,.251,2008,https://www.basketball-reference.com//players/l/landrca01.html,https://www.basketball-reference.com/req/202106291/images/players/landrca01.jpg
190,1,Derrick Rose,20,CHI,111.0,574.0,600,0.957,81,37.0,16.8,3.9,6.3,0.8,0.2,.475,.222,.788,4.9,.078,2009,https://www.basketball-reference.com//players/r/rosede01.html,https://www.basketball-reference.com/req/202106291/images/players/rosede01.jpg
191,2,O.J. Mayo,21,MEM,5.0,246.0,600,0.410,82,38.0,18.5,3.8,3.2,1.1,0.2,.438,.384,.879,3.4,.052,2009,https://www.basketball-reference.com//players/m/mayooj01.html,https://www.basketball-reference.com/req/202106291/images/players/mayooj01.jpg
192,3,Brook Lopez,20,NJN,2.0,127.0,600,0.212,82,30.5,13.0,8.1,1.0,0.5,1.8,.531,.000,.793,5.8,.112,2009,https://www.basketball-reference.com//players/l/lopezbr01.html,https://www.basketball-reference.com/req/202106291/images/players/lopezbr01.jpg
193,4,Russell Westbrook,20,OKC,2.0,73.0,600,0.122,82,32.5,15.3,4.9,5.3,1.3,0.2,.398,.271,.815,1.9,.035,2009,https://www.basketball-reference.com//players/w/westbru01.html,https://www.basketball-reference.com/req/202106291/images/players/westbru01.jpg
194,5,Eric Gordon,20,LAC,0.0,22.0,600,0.037,78,34.3,16.1,2.6,2.8,1.0,0.4,.456,.389,.854,4.6,.082,2009,https://www.basketball-reference.com//players/g/gordoer01.html,https://www.basketball-reference.com/req/202106291/images/players/gordoer01.jpg
195,6,Kevin Love,20,MIN,0.0,16.0,600,0.027,81,25.3,11.1,9.1,1.0,0.4,0.6,.459,.105,.789,5.3,.124,2009,https://www.basketball-reference.com//players/l/loveke01.html,https://www.basketball-reference.com/req/202106291/images/players/loveke01.jpg
196,7,Michael Beasley,20,MIA,0.0,7.0,600,0.012,81,24.8,13.9,5.4,1.0,0.5,0.5,.472,.407,.772,3.4,.081,2009,https://www.basketball-reference.com//players/b/beaslmi01.html,https://www.basketball-reference.com/req/202106291/images/players/beaslmi01.jpg
197,8,Marc Gasol,24,MEM,0.0,4.0,600,0.007,82,30.7,11.9,7.4,1.7,0.8,1.1,.530,.000,.733,6.4,.121,2009,https://www.basketball-reference.com//players/g/gasolma01.html,https://www.basketball-reference.com/req/202106291/images/players/gasolma01.jpg
198,9T,Rudy Fernández,23,POR,0.0,3.0,600,0.005,78,25.6,10.4,2.7,2.0,0.9,0.2,.425,.399,.839,6.1,.147,2009,https://www.basketball-reference.com//players/f/fernaru01.html,https://www.basketball-reference.com/req/202106291/images/players/fernaru01.jpg
199,9T,Robin Lopez,20,PHO,0.0,3.0,600,0.005,60,10.2,3.2,2.0,0.1,0.2,0.7,.518,.000,.691,1.1,.083,2009,https://www.basketball-reference.com//players/l/lopezro01.html,https://www.basketball-reference.com/req/202106291/images/players/lopezro01.jpg
200,11T,Mario Chalmers,22,MIA,0.0,2.0,600,0.003,82,32.0,10.0,2.8,4.9,2.0,0.1,.420,.367,.767,5.2,.095,2009,https://www.basketball-reference.com//players/c/chalmma01.html,https://www.basketball-reference.com/req/202106291/images/players/chalmma01.jpg
201,11T,Courtney Lee,23,ORL,0.0,2.0,600,0.003,77,25.2,8.4,2.3,1.2,1.0,0.2,.450,.404,.830,4.4,.108,2009,https://www.basketball-reference.com//players/l/leeco01.html,https://www.basketball-reference.com/req/202106291/images/players/leeco01.jpg
202,13,Nicolas Batum,20,POR,0.0,1.0,600,0.002,79,18.4,5.4,2.8,0.9,0.6,0.5,.446,.369,.808,3.7,.123,2009,https://www.basketball-reference.com//players/b/batumni01.html,https://www.basketball-reference.com/req/202106291/images/players/batumni01.jpg
203,1,Tyreke Evans,20,SAC,67.0,491.0,615,0.798,72,37.2,20.1,5.3,5.8,1.5,0.4,.458,.255,.748,5.4,.097,2010,https://www.basketball-reference.com//players/e/evansty01.html,https://www.basketball-reference.com/req/202106291/images/players/evansty01.jpg
204,2,Stephen Curry,21,GSW,43.0,391.0,615,0.636,80,36.2,17.5,4.5,5.9,1.9,0.2,.462,.437,.885,4.7,.077,2010,https://www.basketball-reference.com//players/c/curryst01.html,https://www.basketball-reference.com/req/202106291/images/players/curryst01.jpg
205,3,Brandon Jennings,20,MIL,12.0,204.0,615,0.332,82,32.6,15.5,3.4,5.7,1.3,0.2,.371,.374,.817,4.2,.075,2010,https://www.basketball-reference.com//players/j/jennibr01.html,https://www.basketball-reference.com/req/202106291/images/players/jennibr01.jpg
206,4,Darren Collison,22,NOH,1.0,17.0,615,0.028,76,27.8,12.4,2.5,5.7,1.0,0.1,.477,.400,.851,2.9,.067,2010,https://www.basketball-reference.com//players/c/collida01.html,https://www.basketball-reference.com/req/202106291/images/players/collida01.jpg
207,5T,Jonny Flynn,20,MIN,0.0,2.0,615,0.003,81,28.9,13.5,2.4,4.4,1.0,0.0,.417,.358,.826,0.1,.002,2010,https://www.basketball-reference.com//players/f/flynnjo01.html,https://www.basketball-reference.com/req/202106291/images/players/flynnjo01.jpg
208,5T,Taj Gibson,24,CHI,0.0,2.0,615,0.003,82,26.9,9.0,7.5,0.9,0.6,1.3,.494,NO DATA,.646,4.7,.103,2010,https://www.basketball-reference.com//players/g/gibsota01.html,https://www.basketball-reference.com/req/202106291/images/players/gibsota01.jpg
209,1,Blake Griffin,21,LAC,118.0,590.0,590,1.000,82,38.0,22.5,12.1,3.8,0.8,0.5,.506,.292,.642,9.8,.152,2011,https://www.basketball-reference.com//players/g/griffbl01.html,https://www.basketball-reference.com/req/202106291/images/players/griffbl01.jpg
210,2,John Wall,20,WAS,0.0,295.0,590,0.500,69,37.8,16.4,4.6,8.3,1.8,0.5,.409,.296,.766,2.2,.041,2011,https://www.basketball-reference.com//players/w/walljo01.html,https://www.basketball-reference.com/req/202106291/images/players/walljo01.jpg
211,3,DeMarcus Cousins,20,SAC,0.0,81.0,590,0.137,81,28.5,14.1,8.6,2.5,1.0,0.8,.430,.167,.687,1.1,.022,2011,https://www.basketball-reference.com//players/c/couside01.html,https://www.basketball-reference.com/req/202106291/images/players/couside01.jpg
212,4,Landry Fields,22,NYK,0.0,62.0,590,0.105,82,31.0,9.7,6.4,1.9,1.0,0.2,.497,.393,.769,5.3,.100,2011,https://www.basketball-reference.com//players/f/fieldla01.html,https://www.basketball-reference.com/req/202106291/images/players/fieldla01.jpg
213,5,Gary Neal,26,SAS,0.0,19.0,590,0.032,80,21.1,9.8,2.5,1.2,0.3,0.1,.451,.419,.808,3.5,.099,2011,https://www.basketball-reference.com//players/n/nealga01.html,https://www.basketball-reference.com/req/202106291/images/players/nealga01.jpg
214,6,Greg Monroe,20,DET,0.0,15.0,590,0.025,80,27.8,9.4,7.5,1.3,1.2,0.6,.551,.000,.622,6.6,.143,2011,https://www.basketball-reference.com//players/m/monrogr01.html,https://www.basketball-reference.com/req/202106291/images/players/monrogr01.jpg
215,1,Kyrie Irving,19,CLE,117.0,592.0,600,0.987,51,30.5,18.5,3.7,5.4,1.1,0.4,.469,.399,.872,4.1,.125,2012,https://www.basketball-reference.com//players/i/irvinky01.html,https://www.basketball-reference.com/req/202106291/images/players/irvinky01.jpg
216,2,Ricky Rubio,21,MIN,0.0,170.0,600,0.283,41,34.2,10.6,4.2,8.2,2.2,0.2,.357,.340,.803,2.0,.070,2012,https://www.basketball-reference.com//players/r/rubiori01.html,https://www.basketball-reference.com/req/202106291/images/players/rubiori01.jpg
217,3,Kenneth Faried,22,DEN,1.0,129.0,600,0.215,46,22.5,10.2,7.7,0.8,0.7,1.0,.586,NO DATA,.665,4.6,.212,2012,https://www.basketball-reference.com//players/f/farieke01.html,https://www.basketball-reference.com/req/202106291/images/players/farieke01.jpg
218,4,Kawhi Leonard,20,SAS,1.0,47.0,600,0.078,64,24.0,7.9,5.1,1.1,1.3,0.4,.493,.376,.773,5.5,.171,2012,https://www.basketball-reference.com//players/l/leonaka01.html,https://www.basketball-reference.com/req/202106291/images/players/leonaka01.jpg
219,5,Iman Shumpert,21,NYK,1.0,33.0,600,0.055,59,28.9,9.5,3.2,2.8,1.7,0.1,.401,.306,.798,2.4,.068,2012,https://www.basketball-reference.com//players/s/shumpim01.html,https://www.basketball-reference.com/req/202106291/images/players/shumpim01.jpg
220,6,Klay Thompson,21,GSW,0.0,30.0,600,0.050,66,24.4,12.5,2.4,2.0,0.7,0.3,.443,.414,.868,1.7,.050,2012,https://www.basketball-reference.com//players/t/thompkl01.html,https://www.basketball-reference.com/req/202106291/images/players/thompkl01.jpg
221,7,Isaiah Thomas,22,SAC,0.0,28.0,600,0.047,65,25.5,11.5,2.6,4.1,0.8,0.1,.448,.379,.832,4.3,.124,2012,https://www.basketball-reference.com//players/t/thomais02.html,https://www.basketball-reference.com/req/202106291/images/players/thomais02.jpg
222,8,Brandon Knight,20,DET,0.0,21.0,600,0.035,66,32.3,12.8,3.2,3.8,0.7,0.2,.415,.380,.759,1.3,.029,2012,https://www.basketball-reference.com//players/k/knighbr03.html,https://www.basketball-reference.com/req/202106291/images/players/knighbr03.jpg
223,9,Chandler Parsons,23,HOU,0.0,14.0,600,0.023,63,28.6,9.5,4.8,2.1,1.2,0.5,.452,.337,.551,3.4,.090,2012,https://www.basketball-reference.com//players/p/parsoch01.html,https://www.basketball-reference.com/req/202106291/images/players/parsoch01.jpg
224,10,MarShon Brooks,23,NJN,0.0,4.0,600,0.007,56,29.4,12.6,3.6,2.3,0.9,0.3,.428,.313,.764,0.8,.022,2012,https://www.basketball-reference.com//players/b/brookma01.html,https://www.basketball-reference.com/req/202106291/images/players/brookma01.jpg
225,11,Kemba Walker,21,CHA,0.0,3.0,600,0.005,66,27.2,12.1,3.5,4.4,0.9,0.3,.366,.305,.789,0.3,.009,2012,https://www.basketball-reference.com//players/w/walkeke02.html,https://www.basketball-reference.com/req/202106291/images/players/walkeke02.jpg
226,12,Josh Selby,20,MEM,0.0,1.0,600,0.002,28,8.5,2.3,0.5,1.1,0.3,0.0,.347,.133,.786,-0.5,-0.105,2012,https://www.basketball-reference.com//players/s/selbyjo01.html,https://www.basketball-reference.com/req/202106291/images/players/selbyjo01.jpg
227,1,Damian Lillard,22,POR,121.0,605.0,605,1.000,82,38.6,19.0,3.1,6.5,0.9,0.2,.429,.368,.844,5.8,.088,2013,https://www.basketball-reference.com//players/l/lillada01.html,https://www.basketball-reference.com/req/202106291/images/players/lillada01.jpg
228,2,Anthony Davis,19,NOH,0.0,306.0,605,0.506,64,28.8,13.5,8.2,1.0,1.2,1.8,.516,.000,.751,6.1,.159,2013,https://www.basketball-reference.com//players/d/davisan02.html,https://www.basketball-reference.com/req/202106291/images/players/davisan02.jpg
229,3,Bradley Beal,19,WAS,0.0,94.0,605,0.155,56,31.2,13.9,3.8,2.4,0.9,0.5,.410,.386,.786,3.0,.082,2013,https://www.basketball-reference.com//players/b/bealbr01.html,https://www.basketball-reference.com/req/202106291/images/players/bealbr01.jpg
230,4,Andre Drummond,19,DET,0.0,36.0,605,0.060,60,20.7,7.9,7.6,0.5,1.0,1.6,.608,.500,.371,4.5,.172,2013,https://www.basketball-reference.com//players/d/drumman01.html,https://www.basketball-reference.com/req/202106291/images/players/drumman01.jpg
231,5,Dion Waiters,21,CLE,0.0,21.0,605,0.035,61,28.8,14.7,2.4,3.0,1.0,0.3,.412,.310,.746,0.9,.026,2013,https://www.basketball-reference.com//players/w/waitedi01.html,https://www.basketball-reference.com/req/202106291/images/players/waitedi01.jpg
232,6T,Harrison Barnes,20,GSW,0.0,8.0,605,0.013,81,25.4,9.2,4.1,1.2,0.6,0.2,.439,.359,.758,2.8,.065,2013,https://www.basketball-reference.com//players/b/barneha02.html,https://www.basketball-reference.com/req/202106291/images/players/barneha02.jpg
233,6T,Chris Copeland,28,NYK,0.0,8.0,605,0.013,56,15.4,8.7,2.1,0.5,0.3,0.2,.479,.421,.759,2.1,.117,2013,https://www.basketball-reference.com//players/c/copelch01.html,https://www.basketball-reference.com/req/202106291/images/players/copelch01.jpg
234,8,Michael Kidd-Gilchrist,19,CHA,0.0,3.0,605,0.005,78,26.0,9.0,5.8,1.5,0.7,0.9,.458,.222,.749,2.1,.051,2013,https://www.basketball-reference.com//players/k/kiddgmi01.html,https://www.basketball-reference.com/req/202106291/images/players/kiddgmi01.jpg
235,9,Jonas Valančiūnas,20,TOR,0.0,2.0,605,0.003,62,23.9,8.9,6.0,0.7,0.3,1.3,.557,NO DATA,.789,3.9,.127,2013,https://www.basketball-reference.com//players/v/valanjo01.html,https://www.basketball-reference.com/req/202106291/images/players/valanjo01.jpg
236,10,John Jenkins,21,ATL,0.0,1.0,605,0.002,61,14.8,6.1,1.5,0.9,0.2,0.2,.446,.384,.843,1.7,.091,2013,https://www.basketball-reference.com//players/j/jenkijo01.html,https://www.basketball-reference.com/req/202106291/images/players/jenkijo01.jpg
237,1,Michael Carter-Williams,22,PHI,104.0,569.0,620,0.918,70,34.5,16.7,6.2,6.3,1.9,0.6,.405,.264,.703,1.3,.026,2014,https://www.basketball-reference.com//players/c/cartemi01.html,https://www.basketball-reference.com/req/202106291/images/players/cartemi01.jpg
238,2,Victor Oladipo,21,ORL,16.0,364.0,620,0.587,80,31.1,13.8,4.1,4.1,1.6,0.5,.419,.327,.780,1.3,.026,2014,https://www.basketball-reference.com//players/o/oladivi01.html,https://www.basketball-reference.com/req/202106291/images/players/oladivi01.jpg
239,3,Trey Burke,21,UTA,1.0,96.0,620,0.155,70,32.3,12.8,3.0,5.7,0.6,0.1,.380,.330,.903,0.9,.020,2014,https://www.basketball-reference.com//players/b/burketr01.html,https://www.basketball-reference.com/req/202106291/images/players/burketr01.jpg
240,4,Mason Plumlee,23,BRK,2.0,58.0,620,0.094,70,18.2,7.4,4.4,0.9,0.7,0.8,.659,.000,.626,4.7,.176,2014,https://www.basketball-reference.com//players/p/plumlma01.html,https://www.basketball-reference.com/req/202106291/images/players/plumlma01.jpg
241,5,Tim Hardaway Jr.,21,NYK,1.0,23.0,620,0.037,81,23.1,10.2,1.5,0.8,0.5,0.1,.428,.363,.828,3.1,.080,2014,https://www.basketball-reference.com//players/h/hardati02.html,https://www.basketball-reference.com/req/202106291/images/players/hardati02.jpg
242,6,Gorgui Dieng,24,MIN,0.0,3.0,620,0.005,60,13.6,4.8,5.0,0.7,0.5,0.8,.498,1.000,.634,2.2,.129,2014,https://www.basketball-reference.com//players/d/dienggo01.html,https://www.basketball-reference.com/req/202106291/images/players/dienggo01.jpg
243,7T,Steven Adams,20,OKC,0.0,1.0,620,0.002,81,14.8,3.3,4.1,0.5,0.5,0.7,.503,NO DATA,.581,2.9,.114,2014,https://www.basketball-reference.com//players/a/adamsst01.html,https://www.basketball-reference.com/req/202106291/images/players/adamsst01.jpg
244,7T,Giannis Antetokounmpo,19,MIL,0.0,1.0,620,0.002,77,24.6,6.8,4.4,1.9,0.8,0.8,.414,.347,.683,1.2,.031,2014,https://www.basketball-reference.com//players/a/antetgi01.html,https://www.basketball-reference.com/req/202106291/images/players/antetgi01.jpg
245,7T,Nick Calathes,24,MEM,0.0,1.0,620,0.002,71,16.5,4.9,1.9,2.9,0.9,0.1,.457,.311,.611,1.5,.062,2014,https://www.basketball-reference.com//players/c/calatni01.html,https://www.basketball-reference.com/req/202106291/images/players/calatni01.jpg
246,1,Andrew Wiggins,19,MIN,110.0,604.0,650,0.929,82,36.2,16.9,4.6,2.1,1.0,0.6,.437,.310,.760,2.1,.034,2015,https://www.basketball-reference.com//players/w/wiggian01.html,https://www.basketball-reference.com/req/202106291/images/players/wiggian01.jpg
247,2,Nikola Mirotić,23,CHI,14.0,335.0,650,0.515,82,20.2,10.2,4.9,1.2,0.7,0.7,.405,.316,.803,5.7,.165,2015,https://www.basketball-reference.com//players/m/mirotni01.html,https://www.basketball-reference.com/req/202106291/images/players/mirotni01.jpg
248,3,Nerlens Noel,20,PHI,3.0,141.0,650,0.217,75,30.8,9.9,8.1,1.7,1.8,1.9,.462,NO DATA,.609,4.0,.083,2015,https://www.basketball-reference.com//players/n/noelne01.html,https://www.basketball-reference.com/req/202106291/images/players/noelne01.jpg
249,4,Elfrid Payton,20,ORL,3.0,79.0,650,0.122,82,30.4,8.9,4.3,6.5,1.7,0.2,.425,.262,.551,2.3,.044,2015,https://www.basketball-reference.com//players/p/paytoel01.html,https://www.basketball-reference.com/req/202106291/images/players/paytoel01.jpg
250,5,Marcus Smart,20,BOS,0.0,6.0,650,0.009,67,27.0,7.8,3.3,3.1,1.5,0.3,.367,.335,.646,2.9,.077,2015,https://www.basketball-reference.com//players/s/smartma01.html,https://www.basketball-reference.com/req/202106291/images/players/smartma01.jpg
251,6,Jusuf Nurkić,20,DEN,0.0,3.0,650,0.005,62,17.8,6.9,6.2,0.8,0.8,1.1,.446,.000,.636,1.6,.069,2015,https://www.basketball-reference.com//players/n/nurkiju01.html,https://www.basketball-reference.com/req/202106291/images/players/nurkiju01.jpg
252,7,Jordan Clarkson,22,LAL,0.0,2.0,650,0.003,59,25.0,11.9,3.2,3.5,0.9,0.2,.448,.314,.829,2.4,.078,2015,https://www.basketball-reference.com//players/c/clarkjo01.html,https://www.basketball-reference.com/req/202106291/images/players/clarkjo01.jpg
253,1,Karl-Anthony Towns,20,MIN,130.0,650.0,650,1.000,82,32.0,18.3,10.5,2.0,0.7,1.7,.542,.341,.811,8.3,.151,2016,https://www.basketball-reference.com//players/t/townska01.html,https://www.basketball-reference.com/req/202106291/images/players/townska01.jpg
254,2,Kristaps Porziņģis,20,NYK,0.0,363.0,650,0.558,72,28.4,14.3,7.3,1.3,0.7,1.9,.421,.333,.838,4.4,.102,2016,https://www.basketball-reference.com//players/p/porzikr01.html,https://www.basketball-reference.com/req/202106291/images/players/porzikr01.jpg
255,3,Nikola Jokić,20,DEN,0.0,59.0,650,0.091,80,21.7,10.0,7.0,2.4,1.0,0.6,.512,.333,.811,6.7,.185,2016,https://www.basketball-reference.com//players/j/jokicni01.html,https://www.basketball-reference.com/req/202106291/images/players/jokicni01.jpg
256,4,Devin Booker,19,PHO,0.0,49.0,650,0.075,76,27.7,13.8,2.5,2.6,0.6,0.3,.423,.343,.840,1.9,.043,2016,https://www.basketball-reference.com//players/b/bookede01.html,https://www.basketball-reference.com/req/202106291/images/players/bookede01.jpg
257,5,Jahlil Okafor,20,PHI,0.0,34.0,650,0.052,53,30.0,17.5,7.0,1.2,0.4,1.2,.508,.167,.686,1.2,.037,2016,https://www.basketball-reference.com//players/o/okafoja01.html,https://www.basketball-reference.com/req/202106291/images/players/okafoja01.jpg
258,6,Justise Winslow,19,MIA,0.0,7.0,650,0.011,78,28.6,6.4,5.2,1.5,0.9,0.3,.422,.276,.684,2.5,.054,2016,https://www.basketball-reference.com//players/w/winslju01.html,https://www.basketball-reference.com/req/202106291/images/players/winslju01.jpg
259,7,Emmanuel Mudiay,19,DEN,0.0,4.0,650,0.006,68,30.4,12.8,3.4,5.5,1.0,0.5,.364,.319,.670,-2.1,-0.049,2016,https://www.basketball-reference.com//players/m/mudiaem01.html,https://www.basketball-reference.com/req/202106291/images/players/mudiaem01.jpg
260,8,Myles Turner,19,IND,0.0,3.0,650,0.005,60,22.8,10.3,5.5,0.7,0.4,1.4,.498,.214,.727,3.1,.109,2016,https://www.basketball-reference.com//players/t/turnemy01.html,https://www.basketball-reference.com/req/202106291/images/players/turnemy01.jpg
261,9,D'Angelo Russell,19,LAL,0.0,1.0,650,0.002,80,28.2,13.2,3.4,3.3,1.2,0.2,.410,.351,.737,0.0,.001,2016,https://www.basketball-reference.com//players/r/russeda01.html,https://www.basketball-reference.com/req/202106291/images/players/russeda01.jpg
262,1,Malcolm Brogdon,24,MIL,64.0,414.0,500,0.828,75,26.4,10.2,2.8,4.2,1.1,0.2,.457,.404,.865,4.1,.100,2017,https://www.basketball-reference.com//players/b/brogdma01.html,https://www.basketball-reference.com/req/202106291/images/players/brogdma01.jpg
263,2,Dario Šarić,22,PHI,13.0,266.0,500,0.532,81,26.3,12.8,6.3,2.2,0.7,0.4,.411,.311,.782,1.0,.023,2017,https://www.basketball-reference.com//players/s/saricda01.html,https://www.basketball-reference.com/req/202106291/images/players/saricda01.jpg
264,3,Joel Embiid,22,PHI,23.0,177.0,500,0.354,31,25.4,20.2,7.8,2.1,0.9,2.5,.466,.367,.783,1.9,.117,2017,https://www.basketball-reference.com//players/e/embiijo01.html,https://www.basketball-reference.com/req/202106291/images/players/embiijo01.jpg
265,4,Buddy Hield,24,TOT,0.0,21.0,500,0.042,82,23.0,10.6,3.3,1.5,0.5,0.1,.426,.391,.842,1.3,.032,2017,https://www.basketball-reference.com//players/h/hieldbu01.html,https://www.basketball-reference.com/req/202106291/images/players/hieldbu01.jpg
266,5T,Willy Hernangómez,22,NYK,0.0,8.0,500,0.016,72,18.4,8.2,7.0,1.3,0.6,0.5,.529,.267,.728,3.4,.123,2017,https://www.basketball-reference.com//players/h/hernawi01.html,https://www.basketball-reference.com/req/202106291/images/players/hernawi01.jpg
267,5T,Jamal Murray,19,DEN,0.0,8.0,500,0.016,82,21.5,9.9,2.6,2.1,0.6,0.3,.404,.334,.883,1.3,.037,2017,https://www.basketball-reference.com//players/m/murraja01.html,https://www.basketball-reference.com/req/202106291/images/players/murraja01.jpg
268,7,Marquese Chriss,19,PHO,0.0,3.0,500,0.006,82,21.3,9.2,4.2,0.7,0.8,0.9,.449,.321,.624,1.8,.050,2017,https://www.basketball-reference.com//players/c/chrisma01.html,https://www.basketball-reference.com/req/202106291/images/players/chrisma01.jpg
269,8T,Jaylen Brown,20,BOS,0.0,1.0,500,0.002,78,17.2,6.6,2.8,0.8,0.4,0.2,.454,.341,.685,1.5,.053,2017,https://www.basketball-reference.com//players/b/brownja02.html,https://www.basketball-reference.com/req/202106291/images/players/brownja02.jpg
270,8T,Yogi Ferrell,23,TOT,0.0,1.0,500,0.002,46,26.0,10.0,2.4,3.7,0.9,0.2,.406,.386,.831,1.8,.072,2017,https://www.basketball-reference.com//players/f/ferreyo01.html,https://www.basketball-reference.com/req/202106291/images/players/ferreyo01.jpg
271,8T,Rodney McGruder,25,MIA,0.0,1.0,500,0.002,78,25.2,6.4,3.3,1.6,0.6,0.2,.413,.332,.620,2.9,.072,2017,https://www.basketball-reference.com//players/m/mcgruro01.html,https://www.basketball-reference.com/req/202106291/images/players/mcgruro01.jpg
272,1,Ben Simmons,21,PHI,90.0,481.0,505,0.952,81,33.7,15.8,8.1,8.2,1.7,0.9,.545,.000,.560,9.2,.162,2018,https://www.basketball-reference.com//players/s/simmobe01.html,https://www.basketball-reference.com/req/202106291/images/players/simmobe01.jpg
273,2,Donovan Mitchell,21,UTA,11.0,323.0,505,0.640,79,33.4,20.5,3.7,3.7,1.5,0.3,.437,.340,.805,5.2,.095,2018,https://www.basketball-reference.com//players/m/mitchdo01.html,https://www.basketball-reference.com/req/202106291/images/players/mitchdo01.jpg
274,3,Jayson Tatum,19,BOS,0.0,101.0,505,0.200,80,30.5,13.9,5.0,1.6,1.0,0.7,.475,.434,.826,7.1,.139,2018,https://www.basketball-reference.com//players/t/tatumja01.html,https://www.basketball-reference.com/req/202106291/images/players/tatumja01.jpg
275,4,Kyle Kuzma,22,LAL,0.0,3.0,505,0.006,77,31.2,16.1,6.3,1.8,0.6,0.4,.450,.366,.707,3.8,.077,2018,https://www.basketball-reference.com//players/k/kuzmaky01.html,https://www.basketball-reference.com/req/202106291/images/players/kuzmaky01.jpg
276,5,Dennis Smith Jr.,20,DAL,0.0,1.0,505,0.002,69,29.7,15.2,3.8,5.2,1.0,0.3,.395,.313,.694,-0.7,-0.017,2018,https://www.basketball-reference.com//players/s/smithde03.html,https://www.basketball-reference.com/req/202106291/images/players/smithde03.jpg
277,1,Luka Dončić,19,DAL,98.0,496.0,500,0.992,72,32.2,21.2,7.8,6.0,1.1,0.3,.427,.327,.713,4.9,.101,2019,https://www.basketball-reference.com//players/d/doncilu01.html,https://www.basketball-reference.com/req/202106291/images/players/doncilu01.jpg
278,2,Trae Young,20,ATL,2.0,301.0,500,0.602,81,30.9,19.1,3.7,8.1,0.9,0.2,.418,.324,.829,3.3,.062,2019,https://www.basketball-reference.com//players/y/youngtr01.html,https://www.basketball-reference.com/req/202106291/images/players/youngtr01.jpg
279,3,Deandre Ayton,20,PHO,0.0,66.0,500,0.132,71,30.7,16.3,10.3,1.8,0.9,0.9,.585,.000,.746,5.8,.128,2019,https://www.basketball-reference.com//players/a/aytonde01.html,https://www.basketball-reference.com/req/202106291/images/players/aytonde01.jpg
280,4,Jaren Jackson Jr.,19,MEM,0.0,12.0,500,0.024,58,26.1,13.8,4.7,1.1,0.9,1.4,.506,.359,.766,3.3,.105,2019,https://www.basketball-reference.com//players/j/jacksja02.html,https://www.basketball-reference.com/req/202106291/images/players/jacksja02.jpg
281,5,Collin Sexton,20,CLE,0.0,10.0,500,0.020,82,31.8,16.7,2.9,3.0,0.5,0.1,.430,.402,.839,-0.6,-0.011,2019,https://www.basketball-reference.com//players/s/sextoco01.html,https://www.basketball-reference.com/req/202106291/images/players/sextoco01.jpg
282,6,Shai Gilgeous-Alexander,20,LAC,0.0,7.0,500,0.014,82,26.5,10.8,2.8,3.3,1.2,0.5,.476,.367,.800,3.3,.074,2019,https://www.basketball-reference.com//players/g/gilgesh01.html,https://www.basketball-reference.com/req/202106291/images/players/gilgesh01.jpg
283,7,Marvin Bagley III,19,SAC,0.0,6.0,500,0.012,62,25.3,14.9,7.6,1.0,0.5,1.0,.504,.313,.691,3.6,.110,2019,https://www.basketball-reference.com//players/b/baglema01.html,https://www.basketball-reference.com/req/202106291/images/players/baglema01.jpg
284,8T,Josh Okogie,20,MIN,0.0,1.0,500,0.002,74,23.7,7.7,2.9,1.2,1.2,0.4,.386,.279,.728,1.2,.034,2019,https://www.basketball-reference.com//players/o/okogijo01.html,https://www.basketball-reference.com/req/202106291/images/players/okogijo01.jpg
285,8T,Mitchell Robinson,20,NYK,0.0,1.0,500,0.002,66,20.6,7.3,6.4,0.6,0.8,2.4,.694,NO DATA,.600,6.1,.217,2019,https://www.basketball-reference.com//players/r/robinmi01.html,https://www.basketball-reference.com/req/202106291/images/players/robinmi01.jpg
286,1,Ja Morant,20,MEM,99.0,498.0,500,0.996,67,31.0,17.8,3.9,7.3,0.9,0.3,.477,.335,.776,3.8,.088,2020,https://www.basketball-reference.com//players/m/moranja01.html,https://www.basketball-reference.com/req/202106291/images/players/moranja01.jpg
287,2,Kendrick Nunn,24,MIA,0.0,204.0,500,0.408,67,29.3,15.3,2.7,3.3,0.8,0.2,.439,.350,.850,2.0,.049,2020,https://www.basketball-reference.com//players/n/nunnke01.html,https://www.basketball-reference.com/req/202106291/images/players/nunnke01.jpg
288,3,Zion Williamson,19,NOP,1.0,140.0,500,0.280,24,27.8,22.5,6.3,2.1,0.7,0.4,.583,.429,.640,2.0,.141,2020,https://www.basketball-reference.com//players/w/willizi01.html,https://www.basketball-reference.com/req/202106291/images/players/willizi01.jpg
289,4,Brandon Clarke,23,MEM,0.0,50.0,500,0.100,58,22.4,12.1,5.9,1.4,0.6,0.8,.618,.359,.759,5.0,.183,2020,https://www.basketball-reference.com//players/c/clarkbr01.html,https://www.basketball-reference.com/req/202106291/images/players/clarkbr01.jpg
290,5,Coby White,19,CHI,0.0,3.0,500,0.006,65,25.8,13.2,3.5,2.7,0.8,0.1,.394,.354,.791,0.9,.026,2020,https://www.basketball-reference.com//players/w/whiteco01.html,https://www.basketball-reference.com/req/202106291/images/players/whiteco01.jpg
291,6T,Terence Davis,22,TOR,0.0,2.0,500,0.004,72,16.8,7.5,3.3,1.6,0.5,0.2,.456,.388,.864,3.1,.122,2020,https://www.basketball-reference.com//players/d/daviste02.html,https://www.basketball-reference.com/req/202106291/images/players/daviste02.jpg
292,6T,Eric Paschall,23,GSW,0.0,2.0,500,0.004,60,27.6,14.0,4.6,2.1,0.5,0.2,.497,.287,.774,2.1,.062,2020,https://www.basketball-reference.com//players/p/pascher01.html,https://www.basketball-reference.com/req/202106291/images/players/pascher01.jpg
293,8,RJ Barrett,19,NYK,0.0,1.0,500,0.002,56,30.4,14.3,5.0,2.6,1.0,0.3,.402,.320,.614,-0.5,-0.015,2020,https://www.basketball-reference.com//players/b/barrerj01.html,https://www.basketball-reference.com/req/202106291/images/players/barrerj01.jpg
294,1,LaMelo Ball,19,CHO,84.0,465.0,495,0.939,51,28.8,15.7,5.9,6.1,1.6,0.4,.436,.352,.758,2.8,.093,2021,https://www.basketball-reference.com//players/b/ballla01.html,https://www.basketball-reference.com/req/202106291/images/players/ballla01.jpg
295,2,Anthony Edwards,19,MIN,15.0,309.0,495,0.624,72,32.1,19.3,4.7,2.9,1.1,0.5,.417,.329,.776,0.8,.017,2021,https://www.basketball-reference.com//players/e/edwaran01.html,https://www.basketball-reference.com/req/202106291/images/players/edwaran01.jpg
296,3,Tyrese Haliburton,20,SAC,0.0,114.0,495,0.230,58,30.1,13.0,3.0,5.3,1.3,0.5,.472,.409,.857,3.5,.096,2021,https://www.basketball-reference.com//players/h/halibty01.html,https://www.basketball-reference.com/req/202106291/images/players/halibty01.jpg
297,4,Saddiq Bey,21,DET,0.0,3.0,495,0.006,70,27.3,12.2,4.5,1.4,0.7,0.2,.404,.380,.844,3.3,.082,2021,https://www.basketball-reference.com//players/b/beysa01.html,https://www.basketball-reference.com/req/202106291/images/players/beysa01.jpg
